run,step,instantaneous_s_per_it
b64_main_pre_crash,20,24.3
b64_main_pre_crash,30,24.1
b64_main_pre_crash,40,24.2
b64_main_pre_crash,50,24.2
b64_main_pre_crash,60,24.3
b64_main_pre_crash,70,24.3
b64_main_pre_crash,80,24.3
b64_main_pre_crash,90,24.3
b64_main_pre_crash,100,24.3
b64_main_pre_crash,110,25.1
b64_main_pre_crash,120,24.2
b64_main_pre_crash,130,24.3
b64_main_pre_crash,140,24.2
b64_main_pre_crash,150,24.3
b64_main_pre_crash,160,68.3
b64_main_pre_crash,170,66.2
b64_main_pre_crash,180,66.1
b64_main_pre_crash,190,66.0
b64_main_pre_crash,200,66.2
b64_main_pre_crash,210,67.1
b64_main_pre_crash,220,66.1
b64_main_pre_crash,230,66.0
b64_main_pre_crash,240,66.1
b64_main_pre_crash,250,66.1
b64_main_pre_crash,260,70.2
b64_main_pre_crash,270,66.4
b64_main_pre_crash,280,66.4
b64_main_pre_crash,290,66.3
b64_main_pre_crash,300,66.1
b64_main_pre_crash,310,66.2
b64_main_pre_crash,320,66.3
b64_main_pre_crash,330,66.5
b64_main_pre_crash,340,66.3
b64_main_pre_crash,350,66.3
b64_main_pre_crash,360,66.3
b64_main_pre_crash,370,66.3
b64_main_pre_crash,380,66.4
b64_main_pre_crash,390,66.1
b64_main_pre_crash,400,66.2
b64_main_pre_crash,410,66.2
b64_main_pre_crash,420,66.0
b64_main_pre_crash,430,66.3
b64_main_pre_crash,440,66.1
b64_main_pre_crash,450,66.3
b64_main_pre_crash,460,66.2
b64_main_pre_crash,470,66.2
b64_main_pre_crash,480,66.3
b64_main_pre_crash,490,66.1
b64_main_pre_crash,500,66.2
b64_main_pre_crash,510,72.1
b64_main_pre_crash,520,73.6
b64_main_pre_crash,530,83.9
b64_main_pre_crash,540,89.8
b64_main_pre_crash,550,75.3
b64_main_pre_crash,560,66.4
b64_main_pre_crash,570,66.4
b64_main_pre_crash,580,66.5
b64_main_pre_crash,590,66.3
b64_main_pre_crash,600,66.3
b64_main_pre_crash,610,66.3
b64_main_pre_crash,620,66.6
b64_main_pre_crash,630,66.5
b64_main_pre_crash,640,66.5
b64_main_pre_crash,650,66.2
b64_main_pre_crash,660,66.1
b64_main_pre_crash,670,66.4
b64_main_pre_crash,680,66.3
b64_main_pre_crash,690,66.2
b64_main_pre_crash,700,66.1
b64_main_pre_crash,710,66.4
b64_main_pre_crash,720,66.3
b64_main_pre_crash,730,66.3
b64_main_pre_crash,740,66.3
b64_main_pre_crash,750,66.3
b64_main_pre_crash,760,74.3
b64_main_pre_crash,770,70.8
b64_resume,770,66.1
b64_resume,780,66.1
b64_resume,790,66.0
b64_resume,800,66.2
b64_resume,810,66.1
b64_resume,820,66.1
b64_resume,830,66.1
b64_resume,840,66.0
b64_resume,850,66.1
b64_resume,860,66.1
b64_resume,870,66.1
b64_resume,880,66.1
b64_resume,890,66.0
b64_resume,900,66.2
b64_resume,910,66.2
b64_resume,920,65.9
b64_resume,930,66.1
b64_resume,940,66.2
b64_resume,950,66.0
b64_resume,960,65.9
b64_resume,970,66.0
b64_resume,980,66.1
b64_resume,990,66.2
b64_resume,1000,66.2
b64_resume,1010,67.9
b64_resume,1020,66.2
b64_resume,1030,66.3
b64_resume,1040,66.2
b64_resume,1050,66.2
b64_resume,1060,66.1
b64_resume,1070,66.0
b64_resume,1080,66.2
b64_resume,1090,66.1
b64_resume,1100,65.9
b64_resume,1110,66.0
b64_resume,1120,66.2
b64_resume,1130,66.2
b64_resume,1140,66.1
b64_resume,1150,66.2
b64_resume,1160,66.5
b64_resume,1170,66.4
b64_resume,1180,66.2
b64_resume,1190,66.2
b64_resume,1200,66.5
b64_resume,1210,66.4
b64_resume,1220,66.4
b64_resume,1230,66.3
b64_resume,1240,66.3
b64_resume,1250,66.4
b64_resume,1260,68.1
b64_resume,1270,66.3
b64_resume,1280,66.2
b64_resume,1290,66.4
b64_resume,1300,66.3
b64_resume,1310,66.4
b64_resume,1320,66.5
b64_resume,1330,66.3
b64_resume,1340,66.3
b64_resume,1350,66.3
b64_resume,1360,66.7
b64_resume,1370,66.2
b64_resume,1380,66.3
b64_resume,1390,66.2
b64_resume,1400,66.4
b64_resume,1410,66.4
b64_resume,1420,66.4
b64_resume,1430,66.3
b64_resume,1440,66.5
b64_resume,1450,66.3
b64_resume,1460,66.4
b64_resume,1470,66.2
b64_resume,1480,66.4
b64_resume,1490,66.4
b64_resume,1500,66.3
b64_resume,1510,74.5
b64_resume,1520,66.2
b64_resume,1530,66.4
b64_resume,1540,66.3
b64_resume,1550,66.3
b64_resume,1560,66.4
b64_resume,1570,66.3
b64_resume,1580,66.1
b64_resume,1590,66.4
b64_resume,1600,66.3
b64_resume,1610,66.3
b64_resume,1620,66.1
b64_resume,1630,66.4
b64_resume,1640,66.3
b64_resume,1650,66.1
b64_resume,1660,66.3
b64_resume,1670,66.4
b64_resume,1680,66.3
b64_resume,1690,66.6
b64_resume,1700,66.4
b64_resume,1710,66.5
b64_resume,1720,66.3
b64_resume,1730,66.2
b64_resume,1740,66.3
b64_resume,1750,66.2
b64_resume,1760,67.9
b64_resume,1770,66.7
b64_resume,1780,66.3
b64_resume,1790,66.5
b64_resume,1800,66.3
b64_resume,1810,66.2
b64_resume,1820,66.3
b64_resume,1830,66.3
b64_resume,1840,66.6
b64_resume,1850,66.3
b64_resume,1860,66.4
b64_resume,1870,66.5
b64_resume,1880,66.6
b64_resume,1890,69.7
b64_resume,1900,66.4
b64_resume,1910,66.4
b64_resume,1920,66.3
b64_resume,1930,66.4
b64_resume,1940,66.6
b64_resume,1950,66.6
b64_resume,1960,66.2
b64_resume,1970,66.4
b64_resume,1980,66.5
b64_resume,1990,66.4
b64_resume,2000,66.3
b64_resume,2010,71.8
b64_resume,2020,66.3
b64_resume,2030,66.3
b64_resume,2040,66.2
b64_resume,2050,66.4
b64_resume,2060,66.5
b64_resume,2070,66.5
b64_resume,2080,66.3
b64_resume,2090,66.5
b64_resume,2100,66.4
b64_resume,2110,66.3
b64_resume,2120,66.4
b64_resume,2130,66.1
b64_resume,2140,66.2
b64_resume,2150,66.1
b64_resume,2160,66.3
b64_resume,2170,66.4
b64_resume,2180,66.3
b64_resume,2190,66.6
b64_resume,2200,66.5
b64_resume,2210,66.3
b64_resume,2220,66.1
b64_resume,2230,66.5
b64_resume,2240,66.4
b64_resume,2250,66.5
b64_resume,2260,74.3
b64_resume,2270,66.5
b64_resume,2280,66.2
b64_resume,2290,66.4
b64_resume,2300,66.4
b64_resume,2310,66.6
b64_resume,2320,66.5
b64_resume,2330,66.5
b64_resume,2340,66.3
b64_resume,2350,66.5
b64_resume,2360,66.2
b64_resume,2370,66.4
b64_resume,2380,66.5
b64_resume,2390,66.4
b64_resume,2400,66.6
b64_resume,2410,66.4
b64_resume,2420,66.5
b64_resume,2430,66.5
b64_resume,2440,66.5
b64_resume,2450,66.3
b64_resume,2460,66.4
b64_resume,2470,66.3
b64_resume,2480,66.5
b64_resume,2490,66.4
b64_resume,2500,66.5
b64_resume,2510,67.9
b64_resume,2520,66.6
b64_resume,2530,66.2
b64_resume,2540,66.3
b64_resume,2550,66.5
b64_resume,2560,66.4
b64_resume,2570,66.2
b64_resume,2580,66.3
b64_resume,2590,66.4
b64_resume,2600,66.3
b64_resume,2610,66.2
b64_resume,2620,66.5
b64_resume,2630,66.2
b64_resume,2640,66.5
b64_resume,2650,66.5
b64_resume,2660,66.3
b64_resume,2670,66.5
b64_resume,2680,66.2
b64_resume,2690,66.4
b64_resume,2700,66.6
b64_resume,2710,66.4
b64_resume,2720,66.2
b64_resume,2730,66.4
b64_resume,2740,66.5
b64_resume,2750,66.5
b64_resume,2760,68.0
b64_resume,2770,66.7
b64_resume,2780,66.5
b64_resume,2790,66.6
b64_resume,2800,66.4
b64_resume,2810,66.6
b64_resume,2820,66.3
b64_resume,2830,66.2
b64_resume,2840,66.6
b64_resume,2850,66.4
b64_resume,2860,66.6
b64_resume,2870,66.6
b64_resume,2880,66.6
b64_resume,2890,66.3
b64_resume,2900,66.4
b64_resume,2910,66.4
b64_resume,2920,66.7
b64_resume,2930,66.6
b64_resume,2940,66.3
b64_resume,2950,66.2
b64_resume,2960,66.5
b64_resume,2970,66.7
b64_resume,2980,66.4
b64_resume,2990,66.5
b64_resume,3000,66.5
b4_2h_proof,20,3.0
b4_2h_proof,30,3.0
b4_2h_proof,40,3.0
b4_2h_proof,50,2.9
b4_2h_proof,60,3.0
b4_2h_proof,70,3.0
b4_2h_proof,80,3.1
b4_2h_proof,90,3.0
b4_2h_proof,100,3.0
b4_2h_proof,110,3.0
b4_2h_proof,120,3.0
b4_2h_proof,130,3.0
b4_2h_proof,140,3.0
b4_2h_proof,150,3.0
b4_2h_proof,160,9.8
b4_2h_proof,170,8.3
b4_2h_proof,180,8.1
b4_2h_proof,190,8.2
b4_2h_proof,200,8.2
b4_2h_proof,210,8.2
b4_2h_proof,220,8.1
b4_2h_proof,230,8.2
b4_2h_proof,240,8.2
b4_2h_proof,250,8.2
b4_2h_proof,260,9.8
b4_2h_proof,270,8.1
b4_2h_proof,280,8.2
b4_2h_proof,290,8.2
b4_2h_proof,300,8.2
b4_2h_proof,310,8.1
b4_2h_proof,320,8.1
b4_2h_proof,330,8.2
b4_2h_proof,340,8.2
b4_2h_proof,350,8.1
b4_2h_proof,360,8.2
b4_2h_proof,370,8.1
b4_2h_proof,380,8.2
b4_2h_proof,390,8.1
b4_2h_proof,400,8.1
b4_2h_proof,410,8.2
b4_2h_proof,420,8.1
b4_2h_proof,430,8.2
b4_2h_proof,440,8.1
b4_2h_proof,450,8.2
b4_2h_proof,460,8.1
b4_2h_proof,470,8.1
b4_2h_proof,480,8.1
b4_2h_proof,490,8.2
b4_2h_proof,500,8.1
b4_2h_proof,510,9.8
b4_2h_proof,520,8.1
b4_2h_proof,530,8.2
b4_2h_proof,540,8.1
b4_2h_proof,550,8.1
b4_2h_proof,560,8.2
b4_2h_proof,570,8.3
b4_2h_proof,580,8.0
b4_2h_proof,590,8.2
b4_2h_proof,600,8.2
b4_2h_proof,610,8.2
b4_2h_proof,620,8.2
b4_2h_proof,630,8.2
b4_2h_proof,640,8.2
b4_2h_proof,650,8.2
b4_2h_proof,660,8.1
b4_2h_proof,670,8.2
b4_2h_proof,680,8.2
b4_2h_proof,690,8.1
b4_2h_proof,700,8.2
b4_2h_proof,710,8.1
b4_2h_proof,720,8.2
b4_2h_proof,730,8.2
b4_2h_proof,740,8.1
b4_2h_proof,750,8.2
b4_2h_proof,760,9.6
b4_2h_proof,770,8.2
b4_2h_proof,780,8.2
b4_2h_proof,790,8.2
b4_2h_proof,800,8.2
b4_2h_proof,810,8.1
b4_2h_proof,820,8.2
b4_2h_proof,830,8.2
b4_2h_proof,840,8.2
b4_2h_proof,850,8.1
b4_2h_proof,860,8.1
b4_2h_proof,870,8.2
b4_2h_proof,880,8.2
b4_2h_proof,890,8.1
b4_2h_proof,900,8.2
b4_2h_proof,910,8.2
b4_2h_proof,920,8.1
b4_2h_proof,930,8.2
b4_2h_proof,940,8.1
b4_2h_proof,950,8.2
b4_ctrl_400,20,3.0
b4_ctrl_400,30,3.0
b4_ctrl_400,40,3.2
b4_ctrl_400,50,2.9
b4_ctrl_400,60,4.5
b4_ctrl_400,70,3.0
b4_ctrl_400,80,3.1
b4_ctrl_400,90,3.1
b4_ctrl_400,100,3.0
b4_ctrl_400,110,4.4
b4_ctrl_400,120,3.0
b4_ctrl_400,130,3.0
b4_ctrl_400,140,3.0
b4_ctrl_400,150,3.0
b4_ctrl_400,160,11.2
b4_ctrl_400,170,8.2
b4_ctrl_400,180,8.2
b4_ctrl_400,190,8.1
b4_ctrl_400,200,8.2
b4_ctrl_400,210,9.6
b4_ctrl_400,220,8.2
b4_ctrl_400,230,8.3
b4_ctrl_400,240,8.3
b4_ctrl_400,250,8.4
b4_ctrl_400,260,10.0
b4_ctrl_400,270,8.2
b4_ctrl_400,280,8.2
b4_ctrl_400,290,8.1
b4_ctrl_400,300,8.3
b4_ctrl_400,310,10.1
b4_ctrl_400,320,8.2
b4_ctrl_400,330,8.2
b4_ctrl_400,340,8.3
b4_ctrl_400,350,8.1
b4_ctrl_400,360,9.5
b4_ctrl_400,370,8.2
b4_ctrl_400,380,8.2
b4_ctrl_400,390,8.3
b4_ctrl_400,400,8.2
b64_dense_350,20,47.3
b64_dense_350,30,39.1
b64_dense_350,40,25.7
b64_dense_350,50,25.7
b64_dense_350,60,25.7
b64_dense_350,70,25.8
b64_dense_350,80,25.7
b64_dense_350,90,25.6
b64_dense_350,100,25.8
b64_dense_350,110,25.8
b64_dense_350,120,25.6
b64_dense_350,130,32.4
b64_dense_350,140,47.3
b64_dense_350,150,47.0
b64_dense_350,160,85.4
b64_dense_350,170,67.7
b64_dense_350,180,69.2
b64_dense_350,190,69.8
b64_dense_350,200,67.8
b64_dense_350,210,67.6
b64_dense_350,220,67.8
b64_dense_350,230,67.7
b64_dense_350,240,67.7
b64_dense_350,250,67.9
b64_dense_350,260,67.5
b64_dense_350,270,67.6
b64_dense_350,280,67.8
b64_dense_350,290,67.8
b64_dense_350,300,70.2
b64_dense_350,310,89.1
b64_dense_350,320,88.4
b64_dense_350,330,70.6
b64_dense_350,340,70.6
b64_dense_350,350,70.6
