run,step,total,t,loss_gen,loss_critic,grad_norm,normalizer,gn_gen,depth,instantaneous_s_per_it
b64_main_pre_crash,10,3000,1955,nan,0.1267,nan,nan,nan,5,
b64_main_pre_crash,20,3000,2198,nan,0.1386,nan,nan,nan,4,24.3
b64_main_pre_crash,30,3000,2439,nan,0.1482,nan,nan,nan,4,24.1
b64_main_pre_crash,40,3000,2681,nan,0.1400,nan,nan,nan,6,24.2
b64_main_pre_crash,50,3000,2923,nan,0.1494,nan,nan,nan,4,24.2
b64_main_pre_crash,60,3000,3166,nan,0.1353,nan,nan,nan,5,24.3
b64_main_pre_crash,70,3000,3409,nan,0.1475,nan,nan,nan,5,24.3
b64_main_pre_crash,80,3000,3652,nan,0.1404,nan,nan,nan,4,24.3
b64_main_pre_crash,90,3000,3895,nan,0.1355,nan,nan,nan,6,24.3
b64_main_pre_crash,100,3000,4138,nan,0.1181,nan,nan,nan,6,24.3
b64_main_pre_crash,110,3000,4389,nan,0.1281,nan,nan,nan,4,25.1
b64_main_pre_crash,120,3000,4631,nan,0.1333,nan,nan,nan,6,24.2
b64_main_pre_crash,130,3000,4874,nan,0.1399,nan,nan,nan,6,24.3
b64_main_pre_crash,140,3000,5116,nan,0.1390,nan,nan,nan,5,24.2
b64_main_pre_crash,150,3000,5359,nan,0.1383,nan,nan,nan,4,24.3
b64_main_pre_crash,160,3000,6042,0.3343,0.1304,820.8,0.200,0.09,6,68.3
b64_main_pre_crash,170,3000,6704,0.3369,0.1188,841.3,0.239,0.06,4,66.2
b64_main_pre_crash,180,3000,7365,0.3346,0.1167,952.3,0.308,0.04,4,66.1
b64_main_pre_crash,190,3000,8025,0.3130,0.1285,838.6,0.241,0.04,6,66.0
b64_main_pre_crash,200,3000,8687,0.3171,0.1217,900.5,0.260,0.03,5,66.2
b64_main_pre_crash,210,3000,9358,0.3027,0.1195,840.2,0.207,0.03,6,67.1
b64_main_pre_crash,220,3000,10019,0.3178,0.1119,942.8,0.243,0.03,6,66.1
b64_main_pre_crash,230,3000,10679,0.3253,0.1123,879.1,0.242,0.03,4,66.0
b64_main_pre_crash,240,3000,11340,0.3493,0.1065,871.3,0.265,0.03,5,66.1
b64_main_pre_crash,250,3000,12001,0.3462,0.0997,860.1,0.212,0.03,6,66.1
b64_main_pre_crash,260,3000,12703,0.3486,0.1175,953.3,0.284,0.03,5,70.2
b64_main_pre_crash,270,3000,13367,0.3254,0.1161,926.4,0.274,0.04,6,66.4
b64_main_pre_crash,280,3000,14031,0.3476,0.1092,912.5,0.231,0.03,6,66.4
b64_main_pre_crash,290,3000,14694,0.3579,0.1197,976.7,0.256,0.03,4,66.3
b64_main_pre_crash,300,3000,15355,0.3244,0.1227,843.2,0.201,0.03,6,66.1
b64_main_pre_crash,310,3000,16017,0.3498,0.1195,921.4,0.216,0.03,5,66.2
b64_main_pre_crash,320,3000,16680,0.3129,0.1252,843.0,0.198,0.03,6,66.3
b64_main_pre_crash,330,3000,17345,0.3269,0.1142,857.8,0.188,0.03,6,66.5
b64_main_pre_crash,340,3000,18008,0.3295,0.1192,903.6,0.222,0.03,4,66.3
b64_main_pre_crash,350,3000,18671,0.3386,0.1263,880.8,0.210,0.04,4,66.3
b64_main_pre_crash,360,3000,19334,0.3358,0.1334,852.1,0.204,0.04,6,66.3
b64_main_pre_crash,370,3000,19997,0.3373,0.1302,847.8,0.174,0.04,6,66.3
b64_main_pre_crash,380,3000,20661,0.3254,0.1265,848.5,0.193,0.04,4,66.4
b64_main_pre_crash,390,3000,21322,0.3191,0.1207,839.5,0.193,0.03,5,66.1
b64_main_pre_crash,400,3000,21984,0.3173,0.1343,798.7,0.161,0.03,4,66.2
b64_main_pre_crash,410,3000,22646,0.3047,0.1278,800.3,0.215,0.03,6,66.2
b64_main_pre_crash,420,3000,23306,0.3116,0.1151,846.0,0.187,0.03,6,66.0
b64_main_pre_crash,430,3000,23969,0.3128,0.1189,802.8,0.220,0.03,4,66.3
b64_main_pre_crash,440,3000,24630,0.3130,0.1183,861.0,0.252,0.03,6,66.1
b64_main_pre_crash,450,3000,25293,0.3247,0.1224,860.9,0.201,0.04,5,66.3
b64_main_pre_crash,460,3000,25955,0.3108,0.1335,818.1,0.223,0.04,5,66.2
b64_main_pre_crash,470,3000,26617,0.3612,0.1231,876.6,0.253,0.04,6,66.2
b64_main_pre_crash,480,3000,27280,0.3477,0.1129,858.1,0.190,0.03,5,66.3
b64_main_pre_crash,490,3000,27941,0.3090,0.1165,838.9,0.185,0.03,6,66.1
b64_main_pre_crash,500,3000,28603,0.3228,0.1216,837.9,0.181,0.03,6,66.2
b64_main_pre_crash,510,3000,29324,0.3254,0.1142,839.5,0.214,0.03,4,72.1
b64_main_pre_crash,520,3000,30060,0.3337,0.1274,853.5,0.214,0.03,4,73.6
b64_main_pre_crash,530,3000,30899,0.3144,0.1169,874.2,0.192,0.03,6,83.9
b64_main_pre_crash,540,3000,31797,0.3286,0.1202,839.7,0.196,0.03,5,89.8
b64_main_pre_crash,550,3000,32550,0.3011,0.1215,825.2,0.179,0.03,4,75.3
b64_main_pre_crash,560,3000,33214,0.3297,0.1112,854.7,0.211,0.03,6,66.4
b64_main_pre_crash,570,3000,33878,0.3369,0.1147,883.9,0.192,0.03,5,66.4
b64_main_pre_crash,580,3000,34543,0.3403,0.1307,876.5,0.258,0.04,4,66.5
b64_main_pre_crash,590,3000,35206,0.3262,0.1206,866.0,0.235,0.03,6,66.3
b64_main_pre_crash,600,3000,35869,0.3086,0.1265,796.1,0.188,0.04,4,66.3
b64_main_pre_crash,610,3000,36532,0.3015,0.1218,764.2,0.216,0.03,6,66.3
b64_main_pre_crash,620,3000,37198,0.2939,0.1377,856.8,0.218,0.03,5,66.6
b64_main_pre_crash,630,3000,37863,0.3167,0.1294,935.2,0.251,0.03,5,66.5
b64_main_pre_crash,640,3000,38528,0.3245,0.1324,833.6,0.196,0.03,5,66.5
b64_main_pre_crash,650,3000,39190,0.3422,0.1247,847.7,0.225,0.04,4,66.2
b64_main_pre_crash,660,3000,39851,0.3630,0.1307,919.0,0.255,0.04,6,66.1
b64_main_pre_crash,670,3000,40515,0.3372,0.1128,967.7,0.247,0.03,5,66.4
b64_main_pre_crash,680,3000,41178,0.3264,0.1197,948.7,0.292,0.03,4,66.3
b64_main_pre_crash,690,3000,41840,0.3319,0.1182,916.9,0.260,0.03,5,66.2
b64_main_pre_crash,700,3000,42501,0.3219,0.1250,845.1,0.205,0.03,4,66.1
b64_main_pre_crash,710,3000,43165,0.3332,0.1252,925.8,0.241,0.03,6,66.4
b64_main_pre_crash,720,3000,43828,0.3258,0.1158,920.1,0.262,0.03,6,66.3
b64_main_pre_crash,730,3000,44491,0.3219,0.1262,806.3,0.210,0.04,5,66.3
b64_main_pre_crash,740,3000,45154,0.3299,0.1068,861.7,0.219,0.03,6,66.3
b64_main_pre_crash,750,3000,45817,0.3233,0.1134,886.4,0.253,0.03,6,66.3
b64_main_pre_crash,760,3000,46560,0.3216,0.1198,875.0,0.232,0.03,6,74.3
b64_main_pre_crash,770,3000,47268,0.3249,0.1118,828.3,0.188,0.03,4,70.8
b64_resume,760,3000,85492,0.3103,0.1183,808.5,0.161,0.03,4,
b64_resume,770,3000,86153,0.3198,0.1236,829.1,0.195,0.03,6,66.1
b64_resume,780,3000,86814,0.3237,0.1084,837.6,0.204,0.04,6,66.1
b64_resume,790,3000,87474,0.3175,0.1087,890.2,0.225,0.03,4,66.0
b64_resume,800,3000,88136,0.3039,0.1147,792.6,0.213,0.04,5,66.2
b64_resume,810,3000,88797,0.2927,0.1280,791.2,0.188,0.03,6,66.1
b64_resume,820,3000,89458,0.3043,0.1279,807.9,0.184,0.03,5,66.1
b64_resume,830,3000,90119,0.3051,0.1258,777.1,0.159,0.03,4,66.1
b64_resume,840,3000,90779,0.3207,0.1171,823.3,0.180,0.03,6,66.0
b64_resume,850,3000,91440,0.3026,0.1282,794.4,0.210,0.03,5,66.1
b64_resume,860,3000,92101,0.3273,0.1237,842.7,0.211,0.03,6,66.1
b64_resume,870,3000,92762,0.3490,0.1250,882.6,0.216,0.04,5,66.1
b64_resume,880,3000,93423,0.3402,0.1096,938.8,0.200,0.03,6,66.1
b64_resume,890,3000,94083,0.3308,0.1280,867.2,0.191,0.04,5,66.0
b64_resume,900,3000,94745,0.3310,0.1322,880.8,0.186,0.04,4,66.2
b64_resume,910,3000,95407,0.3094,0.1223,815.8,0.185,0.03,6,66.2
b64_resume,920,3000,96066,0.3119,0.1239,860.5,0.231,0.04,6,65.9
b64_resume,930,3000,96727,0.3099,0.1170,984.0,0.287,0.04,5,66.1
b64_resume,940,3000,97389,0.2976,0.1288,918.0,0.235,0.03,5,66.2
b64_resume,950,3000,98049,0.3180,0.1223,858.3,0.219,0.03,4,66.0
b64_resume,960,3000,98708,0.3230,0.1096,822.6,0.193,0.04,6,65.9
b64_resume,970,3000,99368,0.3312,0.1234,851.4,0.234,0.04,6,66.0
b64_resume,980,3000,100029,0.3287,0.1140,940.1,0.289,0.04,6,66.1
b64_resume,990,3000,100691,0.3200,0.1312,862.3,0.200,0.04,6,66.2
b64_resume,1000,3000,101353,0.3204,0.1289,851.0,0.215,0.03,6,66.2
b64_resume,1010,3000,102032,0.3197,0.1155,839.0,0.208,0.03,4,67.9
b64_resume,1020,3000,102694,0.3582,0.1081,872.6,0.200,0.04,4,66.2
b64_resume,1030,3000,103357,0.3192,0.1127,859.1,0.197,0.04,6,66.3
b64_resume,1040,3000,104019,0.3238,0.1076,768.2,0.162,0.03,6,66.2
b64_resume,1050,3000,104681,0.3400,0.1149,810.5,0.226,0.03,4,66.2
b64_resume,1060,3000,105342,0.3238,0.1221,860.9,0.190,0.04,6,66.1
b64_resume,1070,3000,106002,0.3237,0.1348,870.7,0.241,0.03,4,66.0
b64_resume,1080,3000,106664,0.3198,0.1314,800.7,0.193,0.03,4,66.2
b64_resume,1090,3000,107325,0.3060,0.1189,765.6,0.202,0.04,5,66.1
b64_resume,1100,3000,107984,0.3290,0.1136,861.7,0.255,0.03,5,65.9
b64_resume,1110,3000,108644,0.3237,0.1290,790.2,0.181,0.04,5,66.0
b64_resume,1120,3000,109306,0.3168,0.1183,782.0,0.147,0.03,6,66.2
b64_resume,1130,3000,109968,0.2980,0.1115,766.9,0.159,0.04,4,66.2
b64_resume,1140,3000,110629,0.3366,0.1163,821.3,0.226,0.04,4,66.1
b64_resume,1150,3000,111291,0.3117,0.1245,828.9,0.192,0.04,6,66.2
b64_resume,1160,3000,111956,0.3347,0.1200,834.7,0.200,0.04,5,66.5
b64_resume,1170,3000,112620,0.3556,0.1199,877.8,0.206,0.03,5,66.4
b64_resume,1180,3000,113282,0.3321,0.1254,809.4,0.187,0.04,5,66.2
b64_resume,1190,3000,113944,0.3128,0.1116,851.6,0.234,0.03,4,66.2
b64_resume,1200,3000,114609,0.3179,0.1213,818.7,0.248,0.03,5,66.5
b64_resume,1210,3000,115273,0.3200,0.1240,842.1,0.235,0.03,6,66.4
b64_resume,1220,3000,115937,0.3482,0.1197,868.6,0.270,0.04,6,66.4
b64_resume,1230,3000,116600,0.3372,0.1249,894.2,0.240,0.03,4,66.3
b64_resume,1240,3000,117263,0.3703,0.1422,832.7,0.219,0.04,6,66.3
b64_resume,1250,3000,117927,0.3413,0.1318,941.0,0.315,0.04,4,66.4
b64_resume,1260,3000,118608,0.3016,0.1210,849.0,0.254,0.04,5,68.1
b64_resume,1270,3000,119271,0.2763,0.1181,798.1,0.203,0.03,6,66.3
b64_resume,1280,3000,119933,0.3118,0.1239,790.3,0.253,0.04,4,66.2
b64_resume,1290,3000,120597,0.3045,0.1259,817.5,0.223,0.03,5,66.4
b64_resume,1300,3000,121260,0.2953,0.1100,772.1,0.229,0.03,6,66.3
b64_resume,1310,3000,121924,0.2941,0.1153,775.4,0.195,0.03,6,66.4
b64_resume,1320,3000,122589,0.3192,0.1334,821.4,0.177,0.03,4,66.5
b64_resume,1330,3000,123252,0.3193,0.1275,830.5,0.179,0.04,4,66.3
b64_resume,1340,3000,123915,0.3179,0.1246,829.1,0.217,0.04,4,66.3
b64_resume,1350,3000,124578,0.3220,0.1308,788.8,0.211,0.03,5,66.3
b64_resume,1360,3000,125245,0.3271,0.1321,826.4,0.198,0.03,4,66.7
b64_resume,1370,3000,125907,0.3243,0.1283,939.2,0.236,0.04,4,66.2
b64_resume,1380,3000,126570,0.3086,0.1219,927.2,0.228,0.04,5,66.3
b64_resume,1390,3000,127232,0.3165,0.1259,957.1,0.264,0.04,5,66.2
b64_resume,1400,3000,127896,0.3060,0.1295,851.9,0.216,0.04,5,66.4
b64_resume,1410,3000,128560,0.2950,0.1102,805.2,0.190,0.04,5,66.4
b64_resume,1420,3000,129224,0.3358,0.1075,853.7,0.245,0.04,6,66.4
b64_resume,1430,3000,129887,0.3364,0.1207,869.3,0.254,0.03,4,66.3
b64_resume,1440,3000,130552,0.3122,0.1202,932.0,0.271,0.03,5,66.5
b64_resume,1450,3000,131215,0.3085,0.1239,884.2,0.257,0.03,4,66.3
b64_resume,1460,3000,131879,0.3275,0.1255,909.1,0.312,0.03,5,66.4
b64_resume,1470,3000,132541,0.3365,0.1287,847.1,0.247,0.03,4,66.2
b64_resume,1480,3000,133205,0.3298,0.1323,839.1,0.237,0.04,4,66.4
b64_resume,1490,3000,133869,0.3129,0.1165,954.0,0.273,0.04,6,66.4
b64_resume,1500,3000,134532,0.3244,0.1222,879.5,0.214,0.03,5,66.3
b64_resume,1510,3000,135277,0.3259,0.1273,865.8,0.184,0.03,5,74.5
b64_resume,1520,3000,135939,0.2899,0.1253,824.1,0.179,0.04,4,66.2
b64_resume,1530,3000,136603,0.2910,0.1306,820.3,0.237,0.04,4,66.4
b64_resume,1540,3000,137266,0.2857,0.1253,854.5,0.203,0.04,4,66.3
b64_resume,1550,3000,137929,0.3165,0.1264,852.8,0.224,0.04,6,66.3
b64_resume,1560,3000,138593,0.3039,0.1366,816.4,0.220,0.04,6,66.4
b64_resume,1570,3000,139256,0.3023,0.1237,835.4,0.240,0.04,4,66.3
b64_resume,1580,3000,139917,0.3195,0.1260,847.3,0.215,0.04,6,66.1
b64_resume,1590,3000,140581,0.3201,0.1212,870.2,0.241,0.04,4,66.4
b64_resume,1600,3000,141244,0.3141,0.1153,821.3,0.204,0.04,4,66.3
b64_resume,1610,3000,141907,0.3084,0.1090,796.8,0.191,0.03,5,66.3
b64_resume,1620,3000,142568,0.2980,0.1229,809.4,0.230,0.04,4,66.1
b64_resume,1630,3000,143232,0.2863,0.1249,794.4,0.226,0.04,4,66.4
b64_resume,1640,3000,143895,0.3029,0.1319,889.5,0.230,0.04,5,66.3
b64_resume,1650,3000,144556,0.3442,0.1182,957.1,0.250,0.04,5,66.1
b64_resume,1660,3000,145219,0.3339,0.1266,969.2,0.283,0.04,5,66.3
b64_resume,1670,3000,145883,0.3216,0.1343,871.3,0.210,0.04,4,66.4
b64_resume,1680,3000,146546,0.3062,0.1204,785.9,0.180,0.04,4,66.3
b64_resume,1690,3000,147212,0.3200,0.1280,906.0,0.280,0.04,4,66.6
b64_resume,1700,3000,147876,0.3446,0.1332,845.9,0.233,0.04,5,66.4
b64_resume,1710,3000,148541,0.3254,0.1269,817.3,0.199,0.04,6,66.5
b64_resume,1720,3000,149204,0.3135,0.1250,851.7,0.224,0.04,4,66.3
b64_resume,1730,3000,149866,0.2979,0.1325,848.1,0.195,0.04,4,66.2
b64_resume,1740,3000,150529,0.3200,0.1343,796.5,0.199,0.03,5,66.3
b64_resume,1750,3000,151191,0.2995,0.1363,785.4,0.221,0.03,5,66.2
b64_resume,1760,3000,151870,0.3247,0.1294,823.8,0.229,0.04,6,67.9
b64_resume,1770,3000,152537,0.3130,0.1335,775.2,0.200,0.04,6,66.7
b64_resume,1780,3000,153200,0.2972,0.1416,770.7,0.194,0.04,4,66.3
b64_resume,1790,3000,153865,0.2937,0.1313,829.2,0.190,0.04,4,66.5
b64_resume,1800,3000,154528,0.3122,0.1250,888.8,0.183,0.04,4,66.3
b64_resume,1810,3000,155190,0.3031,0.1423,809.1,0.188,0.04,6,66.2
b64_resume,1820,3000,155853,0.3001,0.1419,763.9,0.185,0.04,6,66.3
b64_resume,1830,3000,156516,0.2994,0.1395,847.4,0.228,0.04,5,66.3
b64_resume,1840,3000,157182,0.3117,0.1235,842.2,0.239,0.04,4,66.6
b64_resume,1850,3000,157845,0.3228,0.1234,893.4,0.243,0.04,4,66.3
b64_resume,1860,3000,158509,0.3106,0.1283,833.4,0.232,0.04,6,66.4
b64_resume,1870,3000,159174,0.2854,0.1241,762.0,0.203,0.04,5,66.5
b64_resume,1880,3000,159840,0.2846,0.1204,823.9,0.238,0.04,5,66.6
b64_resume,1890,3000,160537,0.2831,0.1248,803.4,0.215,0.04,4,69.7
b64_resume,1900,3000,161201,0.3384,0.1310,853.9,0.240,0.04,4,66.4
b64_resume,1910,3000,161865,0.3060,0.1246,788.7,0.238,0.04,4,66.4
b64_resume,1920,3000,162528,0.2877,0.1301,842.9,0.229,0.04,6,66.3
b64_resume,1930,3000,163192,0.2930,0.1343,803.1,0.250,0.04,6,66.4
b64_resume,1940,3000,163858,0.3140,0.1180,785.8,0.238,0.04,6,66.6
b64_resume,1950,3000,164524,0.2774,0.1274,813.4,0.234,0.04,4,66.6
b64_resume,1960,3000,165186,0.2763,0.1287,781.8,0.188,0.04,5,66.2
b64_resume,1970,3000,165850,0.3013,0.1297,930.1,0.276,0.04,6,66.4
b64_resume,1980,3000,166515,0.3069,0.1203,876.3,0.267,0.04,5,66.5
b64_resume,1990,3000,167179,0.3312,0.1337,885.4,0.282,0.04,5,66.4
b64_resume,2000,3000,167842,0.3098,0.1319,856.4,0.208,0.04,4,66.3
b64_resume,2010,3000,168560,0.3188,0.1211,963.9,0.261,0.04,4,71.8
b64_resume,2020,3000,169223,0.3185,0.1278,895.9,0.226,0.03,6,66.3
b64_resume,2030,3000,169886,0.3122,0.1242,905.5,0.254,0.04,5,66.3
b64_resume,2040,3000,170548,0.3003,0.1267,842.6,0.254,0.04,6,66.2
b64_resume,2050,3000,171212,0.3006,0.1336,815.8,0.189,0.04,5,66.4
b64_resume,2060,3000,171877,0.2952,0.1358,820.1,0.188,0.04,5,66.5
b64_resume,2070,3000,172542,0.2955,0.1204,822.0,0.207,0.04,4,66.5
b64_resume,2080,3000,173205,0.2844,0.1281,746.4,0.194,0.04,5,66.3
b64_resume,2090,3000,173870,0.2934,0.1348,859.9,0.270,0.04,4,66.5
b64_resume,2100,3000,174534,0.3021,0.1288,855.4,0.236,0.04,5,66.4
b64_resume,2110,3000,175197,0.2976,0.1211,843.7,0.223,0.04,5,66.3
b64_resume,2120,3000,175861,0.2931,0.1331,809.1,0.194,0.04,4,66.4
b64_resume,2130,3000,176522,0.2918,0.1180,775.2,0.169,0.05,5,66.1
b64_resume,2140,3000,177184,0.2993,0.1182,946.0,0.253,0.04,5,66.2
b64_resume,2150,3000,177845,0.2935,0.1233,896.8,0.237,0.04,5,66.1
b64_resume,2160,3000,178508,0.3092,0.1368,929.2,0.222,0.04,5,66.3
b64_resume,2170,3000,179172,0.3088,0.1251,861.0,0.242,0.04,6,66.4
b64_resume,2180,3000,179835,0.2975,0.1373,800.6,0.205,0.04,6,66.3
b64_resume,2190,3000,180501,0.2831,0.1285,854.5,0.223,0.04,6,66.6
b64_resume,2200,3000,181166,0.3126,0.1170,927.2,0.228,0.04,4,66.5
b64_resume,2210,3000,181829,0.3221,0.1156,921.8,0.230,0.04,4,66.3
b64_resume,2220,3000,182490,0.3248,0.1168,879.3,0.215,0.04,4,66.1
b64_resume,2230,3000,183155,0.3328,0.1207,869.6,0.234,0.04,5,66.5
b64_resume,2240,3000,183819,0.3051,0.1220,905.1,0.266,0.04,5,66.4
b64_resume,2250,3000,184484,0.3129,0.1326,876.9,0.218,0.04,5,66.5
b64_resume,2260,3000,185227,0.3427,0.1368,936.9,0.257,0.04,4,74.3
b64_resume,2270,3000,185892,0.3169,0.1368,828.7,0.243,0.04,5,66.5
b64_resume,2280,3000,186554,0.3257,0.1336,831.4,0.263,0.05,6,66.2
b64_resume,2290,3000,187218,0.2941,0.1442,833.8,0.252,0.04,5,66.4
b64_resume,2300,3000,187882,0.2976,0.1276,872.4,0.256,0.04,6,66.4
b64_resume,2310,3000,188548,0.2995,0.1204,902.5,0.264,0.05,5,66.6
b64_resume,2320,3000,189213,0.3136,0.1315,906.1,0.238,0.04,5,66.5
b64_resume,2330,3000,189878,0.3135,0.1332,809.8,0.207,0.04,5,66.5
b64_resume,2340,3000,190541,0.3199,0.1307,826.5,0.248,0.05,5,66.3
b64_resume,2350,3000,191206,0.3271,0.1165,813.1,0.198,0.04,4,66.5
b64_resume,2360,3000,191868,0.3339,0.1315,837.7,0.207,0.05,5,66.2
b64_resume,2370,3000,192532,0.3197,0.1347,787.4,0.167,0.04,4,66.4
b64_resume,2380,3000,193197,0.3084,0.1280,847.9,0.213,0.04,4,66.5
b64_resume,2390,3000,193861,0.3110,0.1156,812.1,0.215,0.04,4,66.4
b64_resume,2400,3000,194527,0.3396,0.1255,865.5,0.238,0.05,4,66.6
b64_resume,2410,3000,195191,0.3283,0.1358,805.1,0.214,0.05,6,66.4
b64_resume,2420,3000,195856,0.3264,0.1216,914.0,0.271,0.05,5,66.5
b64_resume,2430,3000,196521,0.3060,0.1228,833.8,0.194,0.05,4,66.5
b64_resume,2440,3000,197186,0.3250,0.1259,850.4,0.193,0.05,5,66.5
b64_resume,2450,3000,197849,0.3193,0.1249,900.7,0.246,0.05,5,66.3
b64_resume,2460,3000,198513,0.3303,0.1225,886.1,0.245,0.05,5,66.4
b64_resume,2470,3000,199176,0.3142,0.1195,789.7,0.188,0.05,5,66.3
b64_resume,2480,3000,199841,0.3298,0.1244,805.7,0.228,0.05,6,66.5
b64_resume,2490,3000,200505,0.3227,0.1278,826.9,0.227,0.04,5,66.4
b64_resume,2500,3000,201170,0.3071,0.1273,825.8,0.234,0.04,6,66.5
b64_resume,2510,3000,201849,0.3126,0.1189,762.4,0.194,0.04,6,67.9
b64_resume,2520,3000,202515,0.3022,0.1222,791.2,0.190,0.04,5,66.6
b64_resume,2530,3000,203177,0.3130,0.1215,829.8,0.176,0.04,5,66.2
b64_resume,2540,3000,203840,0.3368,0.1209,920.6,0.197,0.04,4,66.3
b64_resume,2550,3000,204505,0.3082,0.1225,872.6,0.199,0.04,6,66.5
b64_resume,2560,3000,205169,0.2945,0.1266,790.7,0.173,0.04,6,66.4
b64_resume,2570,3000,205831,0.3245,0.1285,798.1,0.192,0.04,6,66.2
b64_resume,2580,3000,206494,0.2945,0.1269,798.0,0.182,0.04,5,66.3
b64_resume,2590,3000,207158,0.3202,0.1291,826.8,0.205,0.05,4,66.4
b64_resume,2600,3000,207821,0.3439,0.1268,740.0,0.194,0.05,5,66.3
b64_resume,2610,3000,208483,0.3100,0.1372,789.6,0.195,0.05,5,66.2
b64_resume,2620,3000,209148,0.3203,0.1286,901.4,0.250,0.05,4,66.5
b64_resume,2630,3000,209810,0.3101,0.1214,811.4,0.195,0.05,6,66.2
b64_resume,2640,3000,210475,0.3145,0.1339,749.5,0.207,0.04,6,66.5
b64_resume,2650,3000,211140,0.2850,0.1268,717.9,0.178,0.04,5,66.5
b64_resume,2660,3000,211803,0.3089,0.1182,838.1,0.265,0.04,5,66.3
b64_resume,2670,3000,212468,0.3040,0.1277,888.9,0.260,0.04,5,66.5
b64_resume,2680,3000,213130,0.3260,0.1273,848.7,0.239,0.05,6,66.2
b64_resume,2690,3000,213794,0.3253,0.1267,841.1,0.241,0.05,5,66.4
b64_resume,2700,3000,214460,0.3222,0.1357,846.3,0.215,0.05,6,66.6
b64_resume,2710,3000,215124,0.3096,0.1244,785.0,0.231,0.05,6,66.4
b64_resume,2720,3000,215786,0.3015,0.1251,889.6,0.267,0.04,5,66.2
b64_resume,2730,3000,216450,0.3101,0.1295,859.1,0.225,0.04,6,66.4
b64_resume,2740,3000,217115,0.3333,0.1227,814.9,0.182,0.04,5,66.5
b64_resume,2750,3000,217780,0.3291,0.1290,871.7,0.267,0.04,5,66.5
b64_resume,2760,3000,218460,0.3227,0.1206,944.9,0.261,0.05,5,68.0
b64_resume,2770,3000,219127,0.3153,0.1265,954.7,0.278,0.05,6,66.7
b64_resume,2780,3000,219792,0.3282,0.1443,883.4,0.254,0.04,5,66.5
b64_resume,2790,3000,220458,0.3195,0.1324,893.4,0.236,0.04,4,66.6
b64_resume,2800,3000,221122,0.3025,0.1470,905.7,0.216,0.04,6,66.4
b64_resume,2810,3000,221788,0.3112,0.1240,901.0,0.271,0.04,5,66.6
b64_resume,2820,3000,222451,0.2888,0.1187,803.1,0.222,0.04,6,66.3
b64_resume,2830,3000,223113,0.3052,0.1361,804.7,0.189,0.04,6,66.2
b64_resume,2840,3000,223779,0.3037,0.1339,835.5,0.237,0.04,6,66.6
b64_resume,2850,3000,224443,0.2871,0.1271,843.0,0.257,0.04,4,66.4
b64_resume,2860,3000,225109,0.2973,0.1177,817.4,0.226,0.04,6,66.6
b64_resume,2870,3000,225775,0.3065,0.1326,908.5,0.225,0.04,4,66.6
b64_resume,2880,3000,226441,0.3175,0.1324,861.3,0.228,0.04,4,66.6
b64_resume,2890,3000,227104,0.3167,0.1232,863.8,0.215,0.04,5,66.3
b64_resume,2900,3000,227768,0.3301,0.1324,862.6,0.230,0.05,4,66.4
b64_resume,2910,3000,228432,0.3329,0.1269,811.0,0.197,0.04,4,66.4
b64_resume,2920,3000,229099,0.3071,0.1279,854.0,0.240,0.04,5,66.7
b64_resume,2930,3000,229765,0.2914,0.1308,846.6,0.200,0.05,5,66.6
b64_resume,2940,3000,230428,0.2936,0.1287,910.7,0.270,0.04,6,66.3
b64_resume,2950,3000,231090,0.3166,0.1213,829.8,0.233,0.05,4,66.2
b64_resume,2960,3000,231755,0.3037,0.1211,873.2,0.265,0.05,4,66.5
b64_resume,2970,3000,232422,0.3036,0.1292,900.5,0.247,0.05,5,66.7
b64_resume,2980,3000,233086,0.3134,0.1356,844.5,0.194,0.09,6,66.4
b64_resume,2990,3000,233751,0.3005,0.1440,777.7,0.202,0.06,6,66.5
b64_resume,3000,3000,234416,0.3243,0.1431,789.5,0.194,0.05,6,66.5
b4_2h_proof,10,950,75669,nan,0.2294,nan,nan,nan,6,
b4_2h_proof,20,950,75699,nan,0.1646,nan,nan,nan,5,3.0
b4_2h_proof,30,950,75729,nan,0.2058,nan,nan,nan,5,3.0
b4_2h_proof,40,950,75759,nan,0.2149,nan,nan,nan,6,3.0
b4_2h_proof,50,950,75788,nan,0.1790,nan,nan,nan,4,2.9
b4_2h_proof,60,950,75818,nan,0.1884,nan,nan,nan,5,3.0
b4_2h_proof,70,950,75848,nan,0.1706,nan,nan,nan,5,3.0
b4_2h_proof,80,950,75879,nan,0.1737,nan,nan,nan,5,3.1
b4_2h_proof,90,950,75909,nan,0.1693,nan,nan,nan,4,3.0
b4_2h_proof,100,950,75939,nan,0.1191,nan,nan,nan,5,3.0
b4_2h_proof,110,950,75969,nan,0.1431,nan,nan,nan,6,3.0
b4_2h_proof,120,950,75999,nan,0.1327,nan,nan,nan,4,3.0
b4_2h_proof,130,950,76029,nan,0.1359,nan,nan,nan,5,3.0
b4_2h_proof,140,950,76059,nan,0.1158,nan,nan,nan,4,3.0
b4_2h_proof,150,950,76089,nan,0.1394,nan,nan,nan,5,3.0
b4_2h_proof,160,950,76187,0.3073,0.1487,847.9,0.244,0.14,5,9.8
b4_2h_proof,170,950,76270,0.2767,0.1103,796.9,0.203,0.15,6,8.3
b4_2h_proof,180,950,76351,0.2817,0.0989,807.3,0.196,0.15,4,8.1
b4_2h_proof,190,950,76433,0.2587,0.1277,778.5,0.219,0.14,4,8.2
b4_2h_proof,200,950,76515,0.3233,0.1033,864.9,0.266,0.14,6,8.2
b4_2h_proof,210,950,76597,0.3173,0.1016,855.4,0.293,0.16,6,8.2
b4_2h_proof,220,950,76678,0.4369,0.1273,994.3,0.305,0.14,6,8.1
b4_2h_proof,230,950,76760,0.3502,0.1314,903.0,0.214,0.15,5,8.2
b4_2h_proof,240,950,76842,0.3549,0.1032,909.1,0.216,0.13,4,8.2
b4_2h_proof,250,950,76924,0.2926,0.1302,832.1,0.196,0.12,4,8.2
b4_2h_proof,260,950,77022,0.2710,0.0931,804.1,0.162,0.14,4,9.8
b4_2h_proof,270,950,77103,0.3168,0.1063,861.8,0.183,0.13,4,8.1
b4_2h_proof,280,950,77185,0.3378,0.0968,890.5,0.193,0.16,5,8.2
b4_2h_proof,290,950,77267,0.3285,0.0983,877.2,0.200,0.13,6,8.2
b4_2h_proof,300,950,77349,0.3723,0.1085,928.0,0.211,0.12,6,8.2
b4_2h_proof,310,950,77430,0.3288,0.1190,876.8,0.226,0.16,4,8.1
b4_2h_proof,320,950,77511,0.3389,0.1412,885.6,0.218,0.14,5,8.1
b4_2h_proof,330,950,77593,0.3816,0.1417,931.1,0.293,0.14,4,8.2
b4_2h_proof,340,950,77675,0.3621,0.1273,897.0,0.259,0.13,6,8.2
b4_2h_proof,350,950,77756,0.3413,0.1240,875.8,0.205,0.13,4,8.1
b4_2h_proof,360,950,77838,0.3608,0.1204,910.8,0.239,0.13,6,8.2
b4_2h_proof,370,950,77919,0.3642,0.1047,924.9,0.302,0.12,5,8.1
b4_2h_proof,380,950,78001,0.3624,0.1045,906.7,0.235,0.14,5,8.2
b4_2h_proof,390,950,78082,0.2945,0.0809,835.6,0.202,0.15,6,8.1
b4_2h_proof,400,950,78163,0.3246,0.0939,893.9,0.240,0.13,4,8.1
b4_2h_proof,410,950,78245,0.3164,0.0779,861.0,0.206,0.12,6,8.2
b4_2h_proof,420,950,78326,0.2963,0.1260,840.5,0.192,0.14,5,8.1
b4_2h_proof,430,950,78408,0.3130,0.1035,850.1,0.220,0.12,4,8.2
b4_2h_proof,440,950,78489,0.3300,0.1172,873.8,0.223,0.12,5,8.1
b4_2h_proof,450,950,78571,0.3643,0.1155,898.6,0.264,0.13,6,8.2
b4_2h_proof,460,950,78652,0.3350,0.1234,871.7,0.205,0.12,4,8.1
b4_2h_proof,470,950,78733,0.3075,0.1296,845.0,0.205,0.14,4,8.1
b4_2h_proof,480,950,78814,0.3000,0.1093,845.4,0.176,0.13,5,8.1
b4_2h_proof,490,950,78896,0.2869,0.0968,837.0,0.210,0.14,5,8.2
b4_2h_proof,500,950,78977,0.3848,0.0779,936.9,0.230,0.17,4,8.1
b4_2h_proof,510,950,79075,0.3494,0.1239,909.2,0.206,0.16,5,9.8
b4_2h_proof,520,950,79156,0.3619,0.1418,928.0,0.226,0.13,4,8.1
b4_2h_proof,530,950,79238,0.3383,0.1069,886.7,0.194,0.13,5,8.2
b4_2h_proof,540,950,79319,0.3708,0.1540,903.9,0.196,0.13,4,8.1
b4_2h_proof,550,950,79400,0.3488,0.1295,892.1,0.217,0.13,4,8.1
b4_2h_proof,560,950,79482,0.3181,0.1252,835.8,0.195,0.13,4,8.2
b4_2h_proof,570,950,79565,0.3231,0.1110,832.1,0.187,0.13,6,8.3
b4_2h_proof,580,950,79645,0.3260,0.1130,870.3,0.226,0.13,6,8.0
b4_2h_proof,590,950,79727,0.3223,0.1318,864.4,0.302,0.13,6,8.2
b4_2h_proof,600,950,79809,0.3578,0.1300,919.7,0.331,0.14,5,8.2
b4_2h_proof,610,950,79891,0.3794,0.1319,937.2,0.319,0.13,4,8.2
b4_2h_proof,620,950,79973,0.3079,0.0950,865.8,0.200,0.14,5,8.2
b4_2h_proof,630,950,80055,0.2763,0.0920,825.5,0.174,0.13,5,8.2
b4_2h_proof,640,950,80137,0.3162,0.1028,888.2,0.238,0.15,6,8.2
b4_2h_proof,650,950,80219,0.2610,0.1011,799.2,0.187,0.13,5,8.2
b4_2h_proof,660,950,80300,0.3135,0.1264,859.3,0.229,0.12,5,8.1
b4_2h_proof,670,950,80382,0.2695,0.1538,807.3,0.203,0.11,5,8.2
b4_2h_proof,680,950,80464,0.2953,0.1183,838.2,0.231,0.13,6,8.2
b4_2h_proof,690,950,80545,0.3476,0.0994,901.9,0.231,0.14,4,8.1
b4_2h_proof,700,950,80627,0.3437,0.1037,872.7,0.251,0.13,4,8.2
b4_2h_proof,710,950,80708,0.3106,0.1262,842.9,0.222,0.12,5,8.1
b4_2h_proof,720,950,80790,0.2996,0.1165,831.3,0.213,0.14,6,8.2
b4_2h_proof,730,950,80872,0.3063,0.1082,832.4,0.177,0.15,6,8.2
b4_2h_proof,740,950,80953,0.3046,0.1135,847.2,0.226,0.13,4,8.1
b4_2h_proof,750,950,81035,0.3098,0.1434,849.7,0.228,0.12,4,8.2
b4_2h_proof,760,950,81131,0.3565,0.1204,893.8,0.247,0.12,4,9.6
b4_2h_proof,770,950,81213,0.3613,0.1231,910.7,0.248,0.12,6,8.2
b4_2h_proof,780,950,81295,0.3377,0.1546,885.4,0.231,0.13,5,8.2
b4_2h_proof,790,950,81377,0.3415,0.1150,892.7,0.197,0.15,4,8.2
b4_2h_proof,800,950,81459,0.3463,0.1100,877.2,0.183,0.13,4,8.2
b4_2h_proof,810,950,81540,0.4240,0.0976,953.5,0.215,0.16,5,8.1
b4_2h_proof,820,950,81622,0.3008,0.1028,829.1,0.205,0.12,6,8.2
b4_2h_proof,830,950,81704,0.3451,0.0881,890.4,0.235,0.12,6,8.2
b4_2h_proof,840,950,81786,0.3307,0.1693,873.3,0.231,0.14,5,8.2
b4_2h_proof,850,950,81867,0.3458,0.1909,892.8,0.281,0.11,6,8.1
b4_2h_proof,860,950,81948,0.3126,0.1446,848.9,0.211,0.10,6,8.1
b4_2h_proof,870,950,82030,0.2794,0.1113,811.6,0.192,0.11,5,8.2
b4_2h_proof,880,950,82112,0.3624,0.1389,905.1,0.215,0.11,5,8.2
b4_2h_proof,890,950,82193,0.3753,0.1055,952.2,0.263,0.16,6,8.1
b4_2h_proof,900,950,82275,0.3588,0.1130,925.7,0.279,0.15,5,8.2
b4_2h_proof,910,950,82357,0.3174,0.1431,870.5,0.252,0.14,6,8.2
b4_2h_proof,920,950,82438,0.3320,0.1368,878.1,0.216,0.14,6,8.1
b4_2h_proof,930,950,82520,0.3366,0.1446,889.1,0.207,0.13,5,8.2
b4_2h_proof,940,950,82601,0.3363,0.1458,891.2,0.200,0.13,5,8.1
b4_2h_proof,950,950,82683,0.3239,0.1122,857.0,0.224,0.12,4,8.2
b4_ctrl_400,10,400,67738,nan,0.0765,nan,nan,nan,6,
b4_ctrl_400,20,400,67768,nan,0.1433,nan,nan,nan,5,3.0
b4_ctrl_400,30,400,67798,nan,0.1311,nan,nan,nan,5,3.0
b4_ctrl_400,40,400,67830,nan,0.1154,nan,nan,nan,6,3.2
b4_ctrl_400,50,400,67859,nan,0.1136,nan,nan,nan,4,2.9
b4_ctrl_400,60,400,67904,nan,0.1244,nan,nan,nan,5,4.5
b4_ctrl_400,70,400,67934,nan,0.1806,nan,nan,nan,5,3.0
b4_ctrl_400,80,400,67965,nan,0.1788,nan,nan,nan,5,3.1
b4_ctrl_400,90,400,67996,nan,0.1887,nan,nan,nan,4,3.1
b4_ctrl_400,100,400,68026,nan,0.1483,nan,nan,nan,5,3.0
b4_ctrl_400,110,400,68070,nan,0.1378,nan,nan,nan,6,4.4
b4_ctrl_400,120,400,68100,nan,0.1251,nan,nan,nan,4,3.0
b4_ctrl_400,130,400,68130,nan,0.1224,nan,nan,nan,5,3.0
b4_ctrl_400,140,400,68160,nan,0.1756,nan,nan,nan,4,3.0
b4_ctrl_400,150,400,68190,nan,0.1522,nan,nan,nan,5,3.0
b4_ctrl_400,160,400,68302,0.3295,0.1719,879.9,0.243,0.28,5,11.2
b4_ctrl_400,170,400,68384,0.3661,0.1391,922.4,0.234,0.18,6,8.2
b4_ctrl_400,180,400,68466,0.3027,0.1586,838.9,0.174,0.14,4,8.2
b4_ctrl_400,190,400,68547,0.3671,0.1522,910.8,0.281,0.14,4,8.1
b4_ctrl_400,200,400,68629,0.3449,0.1169,887.5,0.235,0.13,6,8.2
b4_ctrl_400,210,400,68725,0.2866,0.1163,812.2,0.199,0.13,6,9.6
b4_ctrl_400,220,400,68807,0.3418,0.1103,884.1,0.271,0.14,6,8.2
b4_ctrl_400,230,400,68890,0.3029,0.1000,842.7,0.240,0.12,5,8.3
b4_ctrl_400,240,400,68973,0.2891,0.0923,824.5,0.227,0.13,4,8.3
b4_ctrl_400,250,400,69057,0.2894,0.1527,845.2,0.229,0.12,4,8.4
b4_ctrl_400,260,400,69157,0.3588,0.1265,905.8,0.285,0.14,4,10.0
b4_ctrl_400,270,400,69239,0.3245,0.1405,874.6,0.269,0.14,4,8.2
b4_ctrl_400,280,400,69321,0.2731,0.1312,808.3,0.171,0.13,5,8.2
b4_ctrl_400,290,400,69402,0.2667,0.1905,808.3,0.201,0.13,6,8.1
b4_ctrl_400,300,400,69485,0.3112,0.1576,847.3,0.288,0.12,6,8.3
b4_ctrl_400,310,400,69586,0.3190,0.1377,850.2,0.262,0.12,4,10.1
b4_ctrl_400,320,400,69668,0.2838,0.1251,814.7,0.220,0.14,5,8.2
b4_ctrl_400,330,400,69750,0.2555,0.1657,779.4,0.214,0.15,4,8.2
b4_ctrl_400,340,400,69833,0.2947,0.1222,835.7,0.228,0.12,6,8.3
b4_ctrl_400,350,400,69914,0.3138,0.1326,859.8,0.235,0.14,4,8.1
b4_ctrl_400,360,400,70009,0.2875,0.0900,840.9,0.191,0.13,6,9.5
b4_ctrl_400,370,400,70091,0.2983,0.0844,841.0,0.187,0.13,5,8.2
b4_ctrl_400,380,400,70173,0.3400,0.1042,874.8,0.273,0.13,5,8.2
b4_ctrl_400,390,400,70256,0.3177,0.1264,855.8,0.236,0.11,6,8.3
b4_ctrl_400,400,400,70338,0.3235,0.1065,862.3,0.191,0.11,4,8.2
b64_dense_350,10,350,48664,nan,0.1112,nan,nan,nan,5,
b64_dense_350,20,350,49137,nan,0.1177,nan,nan,nan,4,47.3
b64_dense_350,30,350,49528,nan,0.1338,nan,nan,nan,4,39.1
b64_dense_350,40,350,49785,nan,0.1283,nan,nan,nan,6,25.7
b64_dense_350,50,350,50042,nan,0.1270,nan,nan,nan,4,25.7
b64_dense_350,60,350,50299,nan,0.1295,nan,nan,nan,5,25.7
b64_dense_350,70,350,50557,nan,0.1328,nan,nan,nan,5,25.8
b64_dense_350,80,350,50814,nan,0.1501,nan,nan,nan,4,25.7
b64_dense_350,90,350,51070,nan,0.1388,nan,nan,nan,6,25.6
b64_dense_350,100,350,51328,nan,0.1264,nan,nan,nan,6,25.8
b64_dense_350,110,350,51586,nan,0.1348,nan,nan,nan,4,25.8
b64_dense_350,120,350,51842,nan,0.1326,nan,nan,nan,6,25.6
b64_dense_350,130,350,52166,nan,0.1455,nan,nan,nan,6,32.4
b64_dense_350,140,350,52639,nan,0.1414,nan,nan,nan,5,47.3
b64_dense_350,150,350,53109,nan,0.1450,nan,nan,nan,4,47.0
b64_dense_350,160,350,53963,0.3097,0.1396,881.9,0.216,0.09,6,85.4
b64_dense_350,170,350,54640,0.3142,0.1332,831.0,0.237,0.05,4,67.7
b64_dense_350,180,350,55332,0.3226,0.1215,797.8,0.179,0.04,4,69.2
b64_dense_350,190,350,56030,0.3379,0.1284,856.5,0.250,0.04,6,69.8
b64_dense_350,200,350,56708,0.3261,0.1165,808.4,0.175,0.03,5,67.8
b64_dense_350,210,350,57384,0.3296,0.1130,897.0,0.237,0.03,6,67.6
b64_dense_350,220,350,58062,0.3378,0.1085,848.5,0.213,0.04,6,67.8
b64_dense_350,230,350,58739,0.3230,0.1066,856.8,0.250,0.03,4,67.7
b64_dense_350,240,350,59416,0.3527,0.1201,864.8,0.282,0.03,5,67.7
b64_dense_350,250,350,60095,0.3359,0.1152,901.2,0.278,0.04,6,67.9
b64_dense_350,260,350,60770,0.3348,0.1202,938.6,0.289,0.03,5,67.5
b64_dense_350,270,350,61446,0.3133,0.1155,912.8,0.234,0.03,6,67.6
b64_dense_350,280,350,62124,0.3134,0.1216,981.7,0.247,0.03,6,67.8
b64_dense_350,290,350,62802,0.3157,0.1186,860.5,0.183,0.03,4,67.8
b64_dense_350,300,350,63504,0.3136,0.1153,844.1,0.179,0.03,6,70.2
b64_dense_350,310,350,64395,0.3090,0.1109,914.0,0.176,0.03,5,89.1
b64_dense_350,320,350,65279,0.3183,0.1113,871.1,0.216,0.03,6,88.4
b64_dense_350,330,350,65985,0.3213,0.1211,955.9,0.246,0.03,6,70.6
b64_dense_350,340,350,66691,0.3377,0.1176,863.9,0.231,0.03,4,70.6
b64_dense_350,350,350,67397,0.3307,0.1173,894.6,0.251,0.03,4,70.6
